,post_id,user_id,timestamp,subreddit,post_title,post_body,summary
0,26u0eb,10146,1401408839,dating,Am I doing something wrong?,"As the title says, I have no clue what I'm doing in the dating world. There's no real preference to the girls I do approach, but for the successes I do have , it *seems* like I move too fast and ruin something down the line. Before you say that that's my problem, I've tried to read up on dating advice and even went so far as to shelling out about $200 or so to simplepickup.com for dating advice - don't get me wrong, they helped me have a much better success rate and everything - to no relationship lasting more than a couple weeks before they break up (lol). I'm not complaining or anything either, I just saw that there has been relationship advice that has been given and I was wondering if I was doing anything wrong or not.",{'output': '\n'}
2,2760t9,10146,1401761548,ForeverAloneDating,20 [M4F] WA - Looking for the player 2 to my player 1,"What's going on everybody? My name is Waf3l, but you can call me _PERSON_. I'm a 20 year old who is looking for my ""It Girl"" in life. Basically by that I mean a girl I can be best friends with while being in a relationship with her. I may be too young to some people, plus it may scare some away but that's really okay. I'm quite mature for my age and I'm actually ready for a deeper relationship than many who are in their 20s.      _PERSON_ _PERSON_ described it best when he sang his song.    &gt; You could be my it girl.  &gt; Baby you're the shit girl, loving you should be a crime.  &gt; Crazy how you fit girl  &gt; This is it girl  &gt; Gimme 25 to life            **About me**    * I am quite possibly the tallest Filipino you have seen (6'3"")  * I love all types of music! From country to rock, pop to rap, classical to EDM, anything goes really as long as I can jam to it! As for favorites, 90s or early 00s R&amp;B is my bread and butter.  * My tastes in movies and TV Shows are pretty much the same as music. I don't stick to one particular genre at all. If I watch Netflix, then one moment I can be watching Attack on Titan (I'm a nerd lol) and the next show could be Freaks and Geeks. I could be watching Enter the Dragon and the next movie coulld be the Notebook (Yes I actually quite like chick flicks). If I like the show or movie, I could care less about what it is. If I like it, then I like it.  * My parents raised me right. I know how to treat a lady. That's right. I will pay for dates, be a gentleman, hold your hand, come to your house when your sick and the most important one of all:  * **I will listen** to you. Yes, you ~~heard it~~ read that right.  * To not waste anybody's time, here's a [pic of me](_URL_ Don't judge...I'm sick at the moment lol. You should see how I am when I'm [cleaned up](_URL_ c;  * **CUDDLING** I am very much pro cuddling. Just be sure to brace yourself because I can be a Cuddle Monster at times *Badum pshhh*...nevermind.  * Which leads me to my next reason, humor! It doesn't take much to make me laugh. So even stupid things like Nyan Cat get a chuckle from me.        **What I'm into**  I'm into alot of things. When it's sunny, you will find me outside alot of the time exploring cities and walking around. When it's gloomy, you'll find me inside on my computer. If I'm on a date, then you can expect something casual with a romantic flair thrown in from time to time (i.e. Hang out at Greenlake and end the date watching the sunset).        **I will have to warn you about one thing**. I am a professional Call of Duty player (Yes the game..). So you may find me on my Xbox sometimes for tournaments, but if something's more important I tend to drop it.      **tl;dr** Look, the bottom line is this. Hi. My name is _PERSON_ and I would love to get to know you. I don't like judging people and I am a very loving person. Let's hang out sometime and talk about random stuff like why aren't birds attracted to dogs. You know...random shit. If this post peaked your interest in any way, hit me up by PMing me. I am looking forward to any of your responses. Thank you and have a wonderful day!","{'output': 'I\'m a 20 year old who is looking for my ""It Girl"" in life.\n&gt; Baby you\'re the shit girl, loving you should be a crime.\nI could be watching Enter the Dragon and the next movie coulld be the Notebook (Yes I actually quite like chick flicks).\n* To not waste anybody\'s time, here\'s a [pic of me](_URL_ Don\'t judge...I\'m sick at the moment lol.\n**What I\'m into**  I\'m into alot of things.\nIf I\'m on a date, then you can expect something casual with a romantic flair thrown in from time to time (i.e. Hang out at Greenlake and end the date watching the sunset).\nHi. My name is _PERSON_ and I would love to get to know you.\nI don\'t like judging people and I am a very loving person.\n'}"
3,277upp,10146,1401816803,CoDCompetitive,Who is your favorite Pro Team?,"I know we have the flair to back it up, but I just wanna see which fan bases are the most active in this community.",{'err': 'An error occurred processing this request. Please check your inputs and try again.'}
4,27cmpe,10146,1401936793,r4r,"20 [M4F] Seattle - Can you be my ""It Girl""?","What's going on everybody? My name is Waf3l, but you can call me _PERSON_. I'm a 20 year old who is looking for my ""It Girl"" in life. Basically by that I mean a girl I can be best friends with while being in a relationship with her. I may be too young to some people, plus it may scare some away but that's really okay. I'm quite mature for my age and I'm actually ready for a deeper relationship than many who are in their 20s.      _PERSON_ _PERSON_ described it best when he sang his song.    &gt; You could be my it girl.  &gt; Baby you're the shit girl, loving you should be a crime.  &gt; Crazy how you fit girl  &gt; This is it girl  &gt; Gimme 25 to life            **About me**    * I am quite possibly the tallest Filipino you have seen (6'3"")  * I love all types of music! From country to rock, pop to rap, classical to EDM, anything goes really as long as I can jam to it! As for favorites, 90s or early 00s R&amp;B is my bread and butter.  * My tastes in movies and TV Shows are pretty much the same as music. I don't stick to one particular genre at all. If I watch Netflix, then one moment I can be watching Attack on Titan (I'm a nerd lol) and the next show could be Freaks and Geeks. I could be watching Enter the Dragon and the next movie coulld be the Notebook (Yes I actually quite like chick flicks). If I like the show or movie, I could care less about what it is. If I like it, then I like it.  * My parents raised me right. I know how to treat a lady. That's right. I will pay for dates, be a gentleman, hold your hand, come to your house when your sick and the most important one of all:  * **I will listen** to you. Yes, you ~~heard it~~ read that right.  * To not waste anybody's time, here's a [pic of me](_URL_ Don't judge...I'm sick at the moment lol. You should see how I am when I'm [cleaned up](_URL_ c;  * **CUDDLING** I am very much pro cuddling. Just be sure to brace yourself because I can be a Cuddle Monster at times *Badum pshhh*...nevermind.  * Which leads me to my next reason, humor! It doesn't take much to make me laugh. So even stupid things like Nyan Cat get a chuckle from me.        **What I'm into**  I'm into alot of things. When it's sunny, you will find me outside alot of the time exploring cities and walking around. When it's gloomy, you'll find me inside on my computer. If I'm on a date, then you can expect something casual with a romantic flair thrown in from time to time (i.e. Hang out at Greenlake and end the date watching the sunset).        **I will have to warn you about one thing**. I am a professional Call of Duty player (Yes the game..). So you may find me on my Xbox sometimes for tournaments, but if something's more important I tend to drop it.      **tl;dr** Look, the bottom line is this. Hi. My name is _PERSON_ and I would love to get to know you. I don't like judging people and I am a very loving person. Let's hang out sometime and talk about random stuff like why aren't birds attracted to dogs. You know...random shit. If this post peaked your interest in any way, hit me up by PMing me. I am looking forward to any of your responses. Thank you and have a wonderful day!","{'output': 'I\'m a 20 year old who is looking for my ""It Girl"" in life.\n&gt; Baby you\'re the shit girl, loving you should be a crime.\nI could be watching Enter the Dragon and the next movie coulld be the Notebook (Yes I actually quite like chick flicks).\n* To not waste anybody\'s time, here\'s a [pic of me](_URL_ Don\'t judge...I\'m sick at the moment lol.\n**What I\'m into**  I\'m into alot of things.\nIf I\'m on a date, then you can expect something casual with a romantic flair thrown in from time to time (i.e. Hang out at Greenlake and end the date watching the sunset).\nHi. My name is _PERSON_ and I would love to get to know you.\nI don\'t like judging people and I am a very loving person.\n'}"
5,27fi22,10146,1402014574,CodAW,"This may have been done to death, but *my thoughts* on what should be in AW","*This will be a long post. I apologize in advance c:*         **League Play**  Black Ops 2 helped out the competitive Call of Duty scene in a way that it allowed normal people to play against other people using the pro rule sets without having to go through GameBattles. Don't have another ""Clan vs Clan"" where it counts towards your Public Match stats either.         **Higher TTK**  Ghosts ALMOST had it right. If the TTK was the same as Black Ops 2 or other CoDs before it, then most people wouldn't bash it as much as they have.         **More dedicated servers**  The Xbox One has about 300,000 servers. With tons of people upgrading to the next gen systems for this next game, please make use of the added servers. It would make it so that people can actually play without too much lag compensation. That and the game would be less connection based.         **Hit Detection**  I love the hit detection in Ghosts... Keep it that way.         **Gun Balance**  Self explanatory. Instead of having 1 or 2 dominant weapons, make it so that you can run around with ALMOST anything and at least have fun with it. Competitive is one thing, there has to be banned items, but in pubs make it more balanced, please.         **""CoD style maps""**   3 main lanes of traffic with buildings and debris thrown in here and there (Not too many though). While you're at it, make it so you don't have to watch every angle at all times when you go into a room. In a map like Sovereign, if you go to the B Flag in Domination, you literally have to watch from everywhere. Caution, nest, divider, research and underground... Not to mention grenades flying everywhere.         **LAN Support**  Self explanatory.         **Scorestreaks not Killstreaks**   Once again, Black Ops 2 had a superior advantage over Ghosts here. People don't have an incentive to play for the objective and you have people camping close to flags instead of capping. If you could implement Specialist in the scorestreak system (i.e. Perk 1 is 500-700 points, Perk 2 650-800, Perk 3 850-1000, Specialist 1000-1500) it would be great.         **Theater Mode**  Ghosts took a huge step backwards with the removal of this.         **C4s and Claymores/Bouncing Betties/IEDs**  I don't mind any of these things personally. But make them less effective. Give them a bit more of a delay before they explode, lessen the damage, do something so people can't rely on these for half of their kills.         **Lock on Launcher**  Please bring back the Stinger or whatever you want to name it. I'm tired of hiding when there's an enemy helicopter.         **No Marksman rifle class**  They're more of a nuisance now.         **Customization**   Once again, Ghosts had this right. The character customization is amazing. But make it so we don't have to spend $4 for a character though...         **Volume Sliders**  I know you worked hard on the soundtrack and the codcaster voice, but please for the love of God let this happen. I play with the sound turned wayyy up in SND and whenever the music comes on or I'm the last alive, I nearly get a heart attack.         **GET RID OF THE AMPLIFY/AWARENESS PERK**  Please. It only serves as a cheap perk.         **MW2 Style unlocking system**  Headshots for camos, kills with attachments to unlock other attachments, NO points. They're literally useless once you reach a high enough prestige and they just add up with nothing to save up for. If you do use points, keep pushing out content that allows you to purchase it with the points instead of currency like 1000 points for a personalization (sp?) pack instead of $1.99. It would keep people playing and you'll potentially sell more Micro DLC if it's cool enough.         **tl;dr**  Bottom Line is that there are alot of ways where you can make this potentially rival Modern Warfare 1 and 2 in the series. To be honest, I would be happy if about half of the above list was implemented. But if you want a game that you'll get minimal backlash for, these are the main issues I see with the games in general. The list can honestly go on and on. You have a built in fanbase - both competitive and casual - of millions of players who are ready and willing to praise Sledgehammer Games for their work on Advanced Warfare. I really do not hope this game ""screws the pooch"".","{'output': ""I apologize in advance c:*         **League Play**  Black Ops 2 helped out the competitive Call of Duty scene in a way that it allowed normal people to play against other people using the pro rule sets without having to go through GameBattles.\nIf the TTK was the same as Black Ops 2 or other CoDs before it, then most people wouldn't bash it as much as they have.\nWith tons of people upgrading to the next gen systems for this next game, please make use of the added servers.\nIt would make it so that people can actually play without too much lag compensation.\nCompetitive is one thing, there has to be banned items, but in pubs make it more balanced, please.\nPeople don't have an incentive to play for the objective and you have people camping close to flags instead of capping.\nBut make it so we don't have to spend $4 for a character though...\nIt would keep people playing and you'll potentially sell more Micro DLC if it's cool enough.\n**tl;dr**  Bottom Line is that there are alot of ways where you can make this potentially rival Modern Warfare 1 and 2 in the series.\n""}"
7,28fb94,10146,1403057482,r4r,[Meta] I messed up.,"Hey r4r,  I met a girl on here and I messed up. We hit it off, and after a week I didn't know where it was going so I stupidly posted another personal on here. Now that wouldn't be a problem normally, but the problem was that I asked her out about 5 hours before I posted. I know I was wrong in doing so and I want to say on a public forum that I'm sorry.         - Waf3l (Gyles)","{'output': ""We hit it off, and after a week I didn't know where it was going so I stupidly posted another personal on here.\n""}"
9,28oave,10146,1403299579,GamerPals,20/M/PST - Looking for people to pub stomp with on Xbox One c:,Just looking for people to play with in my downtime.,{'err': 'An error occurred processing this request. Please check your inputs and try again.'}
14,2985q5,10146,1403856928,SuicideWatch,I'm done.,"I'm just done with life. I'm nothing but a screw up. My parents are ashamed of me, my brother is embarrassed by me. My whole world is upside down and I'm the main cause. Suicide is my only option to get out. I have the knife next to me, just waiting for the perfect moment for me to use it. I don't even deserve a quick way to die. I don't derserve anything. I'm worthless. I'm ready to die. Goodbye.","{'output': ""I'm nothing but a screw up.\nI'm ready to die.\n""}"
17,2c9893,10146,1406827508,XboxOneHelp,Game chat and controller issue [x-post from r/xboxone],I have 2 problems:         1. Game chat won't work in any games (namely CoD). Game audio and Party chat works just fine. I've tried hard resetting countless times and reinstalling CoD and Titanfall plus all content..          2. Controllers won't sync and console won't read buttons unless I unplug the system and completely restart it.         It's been happening for About 2 months now and it's bugging the craps out of me.,"{'output': ""Game chat won't work in any games (namely CoD).\n""}"
20,2ggiul,10146,1410789086,DestinyTheGame,My one complaint about Destiny...,"I know I may get a lot of flack for this, but am I the only person who hates the fact that the radar is always on? It just causes people to pre aim and kill you right as you turn the corner leaving you with no time to react at all.         Other than that, I completely love the game.... I mean, the Warlocks are made for the crucible but whatever.",{'err': 'An error occurred processing this request. Please check your inputs and try again.'}
21,2h3h2p,10146,1411358105,depression,You never know sadness until you hear your mom say that she's given up on you.,...,{'err': 'An error occurred processing this request. Please check your inputs and try again.'}
23,2i6mxp,10146,1412341170,gonewildaudio,[Request] [F4M] Picking you up at the club,"Sooo, I turned 21 today and I just wanted to see if someone would do a simple audio about picking a guy up at a club where it's his first time there and stuff. Please and thank you to anyone that does it :)",{'err': 'An error occurred processing this request. Please check your inputs and try again.'}
30,303cdg,10146,1427166733,CoDCompetitive,[Fluff] My Predictions for Champs,"I know you all might not care and some might even get pissed at them, but here are my personal predictions for Champs. I'm not sure exactly how the winner/loser brackets will play out, but based on what I've been reading on here, it's gonna be A -&gt; B, C -&gt; D, etc. I based the predictions based on what I saw at the qualifiers I was able to watch. (Most of EU, most of APAC, and NA)_URL_",{'output': '\n'}
31,30cffr,10146,1427349191,CoDCompetitive,I need some help [x-post on r/codaw],"Sooo....after a few months of not being able to play regularly due to college life, I haven't been able to play competitively. After hopping on for the past week, I've constantly asked myself one question: ""Where the f*ck did my gunskill go?"" I can barely break even in pubs and in ranked play/GBs, I can't go one game without &gt;15 kills and &lt;30 deaths. Are there any tips or pointers you all can give me? Thanks for any help you can spare and have a great day &lt;3",{'output': '\n'}
32,30cfi8,10146,1427349233,CodAW,I need some help [x-post from r/codcompetitive],"Sooo....after a few months of not being able to play regularly due to college life, I haven't been able to play competitively. After hopping on for the past week, I've constantly asked myself one question: ""Where the f*ck did my gunskill go?"" I can barely break even in pubs and in ranked play/GBs, I can't go one game without &gt;15 kills and &lt;30 deaths. Are there any tips or pointers you all can give me? Thanks for any help you can spare and have a great day &lt;3",{'output': '\n'}
33,30u4i4,10146,1427741903,OpTicGaming,[Fluff] The only roster move for ON I can potentially see. My personal thoughts.,"Coming off of an early exit from CoD Champs and surprising many people, a popular opinion around here is that ON will make [yet] another roster change in the coming days/weeks. Now as I see it, Teep has had a couple of bad events, but I think he can shine after he gets Champs behind him. Karma just does what he does. He roams and slays with the best of them. Mir is a great consistent player imo. He can slay while playing the true OBJ and that's a rare trait. The only player I see ON dropping/trading at the moment is _PERSON_ because he can be inconsistent at events. While he did step up this past weekend, he has under performed in the other tournaments slaying wise.       If anything, I see _PERSON_ being dropped/traded for Enable or _PERSON_. ON needs someone who can perform consistently well while being the in game leader. _PERSON_ is an amazing communicator while being great in pretty much every game mode, and then you have one of the OGs of competitive console FPS in Enable. He is the experienced player everyone would love to have, plus throw in the fact that he is a great player and you have someone who can potentially turn ON around.                    If my opinion counts for anything here, I see these two as an upgrade to _PERSON_. Don't get me wrong, I love the guy. He's an extremely smart SnD God and will never have trouble finding a team because he is a great guy as well. But as of now, it would seem that ON doesn't really need him.","{'output': 'The only player I see ON dropping/trading at the moment is _PERSON_ because he can be inconsistent at events.\nON needs someone who can perform consistently well while being the in game leader.\n_PERSON_ is an amazing communicator while being great in pretty much every game mode, and then you have one of the OGs of competitive console FPS in Enable.\n'}"
34,3bf4jx,10146,1435513288,tifu,TIFU by getting my first kiss,"I think I finally have something of value here! So I was coming out of a meeting with my professor and I dropped my wallet after trying to get my student ID. As I was coming back up, I ran into a girl turning the corner to get into her class. Our lips met and...yeah.        **No, I didn't get her name. I ran out as fast as I could after that.**              Edit 1: I didn't expect any comments lol       **Update: Since this was a few weeks ago, I did run into her again before summer quarter started. Turns out she was pretty embarrassed about the whole thing as well and found it cute that I ran away for some reason. She does have a boyfriend though so nothing can happen...yet ;) (Yes I got her number haha)**","{'output': 'As I was coming back up, I ran into a girl turning the corner to get into her class.\n'}"
36,3dbdjx,10146,1436916281,XboxThemes,[Request] Seattle skyline theme?,If someone could make this I would be ecstatic!,{'err': 'An error occurred processing this request. Please check your inputs and try again.'}
38,pwnk8,10276,1329676626,aspergers,Never saying anything (on twitter),"Is it weird that I check my twitter several times a day, spend a lot of time reading other people's tweets but rarely tweet anything myself? Yesterday somebody tweeted that they found it scary that there might be somebody out there reading tweets but never tweeting themselves. I asked them why it was scary and they didn't reply.",{'output': '\n'}
39,pxpri,10276,1329741385,SuicideWatch,Feeling suicidal,"I have aspergers, OCD, depression and all that. I've been suicidal for a long time. Sometimes things got better. But they always get worse somehow. College was my hope. A job. A future. Thanks to stupid councellors and those stupid medications I managed to screw up previous semester. I'm on the way to mess up this one too. They'll cancel me financial aid. Or put me on probation. Or just kick me out. I dont like living at home due to aspergers and shit. And I dont have anywhere else to go. I'm thinking about taking my own life this week. But I dont wanna hurt my mom. She wont be able to take it. I have no idea what to do.",{'output': 'I dont like living at home due to aspergers and shit.\nAnd I dont have anywhere else to go.\nBut I dont wanna hurt my mom.\n'}
43,qi9s9,10276,1330930038,aspergers,Drooling/excessive salivation ?,Did you guys have any problems related to drooling/excessive salivation at any time in your life? also are anti-depressants known to exacerbate such issues? Thanks,{'err': 'An error occurred processing this request. Please check your inputs and try again.'}
45,quvza,10276,1331663901,SuicideWatch,just swallowed a bunch of pills,"total of around 10 including panadol , augmentin and an antidepressant. what's gonna happen? how long till i die if at all?",{'err': 'An error occurred processing this request. Please check your inputs and try again.'}
59,r7guq,10276,1332370292,aspergers,Hearing problems?,Does anybody else here have hearing problems of some sort? As in inability to interpret sound correctly. You hear other people's voice but fail to make sense of it. As a result you have to ask them to repeat what they just said. This has happened with me throughout my life. And just now a guy sitting next to me was asking me something and I had to ask him to repeat what he has said three times. Only then I was able to understand what he wanted to know. Is this problem common with aspies?,"{'output': ""You hear other people's voice but fail to make sense of it.\n""}"
60,rbgjx,10276,1332603284,aspergers,Can't we just fight who we are?,"For example when you know that you are acting in a way you are not supposed to in a particular situation, can you stop yourself from acting that way? I've tried a few times and it seems very hard. Like fighting an urge or something.",{'err': 'An error occurred processing this request. Please check your inputs and try again.'}
64,s5f6m,10276,1334195085,aspergers,Reading skills of people with ASD?,"I'm aware of the problems people with ASD face in comprehension etc. but do they have any issues with reading as in slow reading speed, misreading of text and so on. Lately I've realized that I make a lot of reading mistakes. e.g I just read teammates as classmates. This has happened with me throughout my life but lately I've just been realizing it a lot more often","{'output': ""Lately I've realized that I make a lot of reading mistakes.\n""}"
66,sdwsx,10276,1334648525,depression,"I need somebody, anybody to get me through this","I've been battling depression for several years now. Things were better for a good part of last year. But since last quarter of previous year, things have gotten worse. much worse. I've hit rock bottom. Nothing seems to be helping. Things I used to enjoy doing seem dull. I lie in bed hoping to disappear and come back when things are better. Cant even fucking sleep anymore. Its been soooo long since I had a good night's sleep. Everything's sooo fucked up. I feel like killing myself is the sole option left. But I still want to fight. I dont want to quit just yet. Its just that it seems like the only goddamn solution. I turned to my ex gf to help me out. But she doesnt wanna get back together and I ended up humiliating her in the worst manner. I hate myself for that. Whole thing was a mess. I just hope I could find somebody. Somebody to talk to. Somebody who would get me through this. Its getting harder and harder to cope all on my own. I havent had a converstion with another human being in around 10 days. Geez",{'output': 'Nothing seems to be helping.\nI feel like killing myself is the sole option left.\nI dont want to quit just yet.\nIts just that it seems like the only goddamn solution.\nI turned to my ex gf to help me out.\n'}
76,v28gp,10276,1339705524,trees,"Redit, help me find pot (or marijuana alternatives) in Pakistan?",Currently in Pakistan and I really need to smoke some weed. Any pakistanis here willing to help me out ? Or reddit suggest me something else that is fairly easily available but can get you high like OTC meds or something like that.,{'err': 'An error occurred processing this request. Please check your inputs and try again.'}
79,v7736,10276,1339978327,aspergers,ASD and multitasking?,"Are People with ASD known to have serious multitasking problems? Because for me it's nearly impossible to do two things at a time or concentrate on multiple things at the same time. For example, unlike most people I can never concentrate on a lecture while taking notes or checking a text message on phone. I seem to lose track of what the instructor was saying very fast. Also, I can't listen to music and solve math questions at the same time. I can't even read an article on the web while listening to music. Similarly, when I'm watching sports on tv and I switch my attention to phone for checking twitter updates, I instantly lose focus of both. I can neither make much sense of tweets nor the match because I'm trying to focus on both. While most people on my twitter timeline or on IRC channels seem to be able to manage this very very well. Likewise, when I'm trying to concentrate on something it's like my other senses have stopped working. If i'm doing something (or even just thinking a random thought) and someone talks to me, I almost always have to ask them to repeat what they just said. How common is this problem?edit: another thing that just came to mind. Inability to focus on both audio and video in movies. Things seem to happen way too fast for me. Hence I always need subtitles while watching movies/tv shows. And if a movie doesn't have subtitles like in cinemas, i come out all confused not having understood most of the storyline for whatever reason.  This might also be because most movies/shows I watch are in english and english is not my native language but I seem to understand it very well. I've probably watched more american tv shows than even most americans. I have read a lot of english books and all. I can read, speak and understand english just fine.","{'output': ""Similarly, when I'm watching sports on tv and I switch my attention to phone for checking twitter updates, I instantly lose focus of both.\nLikewise, when I'm trying to concentrate on something it's like my other senses have stopped working.\nHence I always need subtitles while watching movies/tv shows.\nThis might also be because most movies/shows I watch are in english and english is not my native language but I seem to understand it very well.\n""}"
80,vhym0,10276,1340488175,television,How to keep up with your favorite tv series schedule?,"Might be a silly question but here it goes. I am from asia and most (no, all) of the tv shows i watch are american or British. I follow the shows by downloading the latest episodes. Is there a service that does something like emailing you whenever an episode of your favorite tv show is out. Since I watch dozens of shows it's hard to keep up with the schedule. Thanks guys","{'output': 'I am from asia and most (no, all) of the tv shows i watch are american or British.\n'}"
86,watbi,10276,1341879635,booksuggestions,books on american and British histories?,I need something concise. Just an overview kind of thing. Nothing too detail oriented or comprehensive. Suggest 2 or 3 good books that'd be enough to get an idea of the histories of two countries,{'err': 'An error occurred processing this request. Please check your inputs and try again.'}
87,wgenr,10276,1342118679,aspergers,ASD and excessive fatigue,"Is there a correlation between ASD and fatigue? I seem to get tired very easily and need to rest (take an hour long nap e.g) to just get through the day. I started noticing this in high school and the problem has only exacerbated since then. Back in HS, just two/three classes would wear me out physically as well as emotionally and I would spend the rest of the day with moderate to severe headache not concentrating in classes at all. Now that I'm in college, I don't have to take consecutive classes but still whenever I take two classes in a row, I come back to my room and take a long nap. This despite getting at least 7/8 hours of sleep every night. My roommate gets through the day easily and only sleeps at night.Even when I'm not taking classes i.e I have a few days off, I can't study for extended periods of time. It gets harder and harder to focus as time passes. This has been getting in the way of me taking part in various activities and I doubt I'll be able to work long hours when I graduate. I consulted a physician long before I was diagnosed with ASD but he basically came up with nothing. I sought help of college physician too but she blamed this on laziness.","{'output': ""I seem to get tired very easily and need to rest (take an hour long nap e.g) to just get through the day.\nMy roommate gets through the day easily and only sleeps at night.Even when I'm not taking classes i.e I have a few days off, I can't study for extended periods of time.\n""}"
114,z841s,10276,1346579442,HomeworkHelp,IAS illustrative examples and practice questions? (Undergrad level),As the title indicates I'm looking for illustrative examples and practice questions on International Accounting Standards. Any guidance in this regard will be much appreciated.,{'err': 'An error occurred processing this request. Please check your inputs and try again.'}
115,z8495,10276,1346580109,Accounting,IAS illustrative examples and practice questions?,"I'm new here and this might be an inappropriate post but after spending hours in google, this is the only place I could think of that might have the answer. As the title indicates I'm looking for undergrad level illustrative examples and practice questions on International Accounting Standards. Any guidance in this regard will be much appreciated.",{'output': '\n'}
116,1093g0,10276,1348242369,AskReddit,Oldest movie/ TV show you have watched?,The title says it all. What is the oldest movie/TV series you have watched reddit? I'll go first. Movie: The Wizard of Oz/Gone With the WindTV series: All In the Family/Monty Python's Flying Circus,{'output': '\n'}
118,13ehhf,10276,1353255788,Anxiety,Appropriate Xanax dosage?,"I've recently started taking Xanax to treat my anxiety/panic attacks. I'm not the kind of person who would take drugs for recreational purpose so this was like the only option I was left with after my anxiety got unbearably bad (to the point of me wanting to take my own life) and I started breaking down almost everyday. Due to my poor past experiences with psychiatrists and financial problems, I don't want to see one and am looking for a solution on my own.  I'm currently taking 2mg/day in the form of two 0.5mg pills in the morning and two in the evening. Is this amt. appropriate? also although i feel it is helping me and I feel better than before, I still feel quite anxious most of the time. Should I start taking more of Xanax? if yes, how much of it and at what time? btw I'm 20,M and a college student.","{'output': ""I've recently started taking Xanax to treat my anxiety/panic attacks.\nShould I start taking more of Xanax?\n""}"
119,147cf0,10276,1354549324,aspergers,Just fucked up a presentation,"I didn't want to present in the first place but my group made me. I practised at least twenty times, presentation was good, content was good but I couldn't deliver very well. I tried looking at the instructor or the slides with occasionally staring at the audience. I know this isn't the best way to present but even managing this was a huge deal for me.  Instructor's response at the end: This is the worst way to present and you are fucked. I told him about my anxiety and all but it's unlikely he'll give it much weight.  I'm done with this sh*t. I gave it all. I practised about 20 times. Still came up short. And I have zero motivation to go further. I have another presentation in the morning, tomorrow and I absolutely have zero motivation to prepare for it. This is it. I'm done.  Edit: biggest thing pissing me off right now is why is it not the content that should matter the most? LISTEN to what i have to say and ignore the freaking presentation skills for a moment. Why is it always the other way round? I'm here to talk, not to dance.","{'output': ""I practised at least twenty times, presentation was good, content was good but I couldn't deliver very well.\nInstructor's response at the end: This is the worst way to present and you are fucked.\nI have another presentation in the morning, tomorrow and I absolutely have zero motivation to prepare for it.\n""}"
120,14ojql,10276,1355256575,aspergers,Persistent communication problems,"It's so frustrating not to be able to 'just converse' with people. And not just IRL. On phone too. I've been in an on-again, off-again relationship for a long time and the biggest problem i've faced is to not be able to talk like most people. I just sit quietly in front of her with my head absolutely blank. On phone, i ask her a few clich√© questions which she's not interested in talking about, eventually ending up scratching my head trying to figure out what to say. A lot of times, the frustration results in me making a joke she finds offensive or me saying something i regret later. Simple miscommunication has resulted in a lot of discontent.  I haven't had a conversation that lasted more than 5 mins and didnt revolve around studies with my mom/dad/uncles/cousins in years. Just being in their presence makes me feel so very uncomfortable. This is the biggest reason i simply avoid seeing people. Communication problems coupled with anxieties of all sorts make the whole process very difficult. And seeing people able to converse so well effortlessly makes this feeling all the more worse. I see people saying stuff to each other and think 'why does any of this never occur to me'? I've tried noting down interesting stuff that i can say to people, stuff i see IRL or on TV but it hasn't made much of a difference. The only proper conversations i have with people revolve around my special interests or studies. There are many ASD related issues that have significantly affected my life but this is one of the things that depress me the most.  Please share any tips that have helped you people and can help me deal with this and salvage whatever is left of my relationship.","{'output': ""It's so frustrating not to be able to 'just converse' with people.\nAnd seeing people able to converse so well effortlessly makes this feeling all the more worse.\nI've tried noting down interesting stuff that i can say to people, stuff i see IRL or on TV but it hasn't made much of a difference.\n""}"
121,15d9lc,10276,1356341033,Anxiety,Dealing with Xanax withdrawal,"I took xanax for one month starting with 1.5mg dose/day eventually tapering it down to 0.5mg/day before quitting. Reason i quit was it wasn't helping me one bit.   Now that i'm off it, i'm experiencing severe side effects. My insomnia has gotten much worse, I feel exhausted all day and I have the worst headache. I tried getting melatlonin to improve my sleep but it's very hard to come by where i live. Any advice on how i can deal with withdrawal symptoms? Any alternatives to melatonin that you may be aware of or any other medication that's known to help people ease their way through benzo withdrawal?","{'output': ""Any alternatives to melatonin that you may be aware of or any other medication that's known to help people ease their way through benzo withdrawal?\n""}"
123,1b47ut,10276,1364401096,aspergers,Mind not absorbing information,"Recently i've had trouble absorbing what i'm reading. There was a time, not so long ago, when i could read for hours just fine. But now just two or so hours into it my mind reaches a sort of saturation point where i just feel mentally exhausted and my mind doesnt absorb anything i'm reading. I usually need a nap for this to go away. But even after taking a nap it comes back real soon. I've been wondering if this has anything to do with anxiety/depression etc. or is a side effect of medication i'm taking. I started my medication (cipralex+elaxine) a couple months ago","{'output': ""Recently i've had trouble absorbing what i'm reading.\n""}"
124,1b6xp7,10276,1364496572,AskReddit,One movie that had a lasting impact on your life,"For me it will have to be 'Walk the line'. Introduced me to _PERSON_ _PERSON_ during my teen years. Instantly fell in love with his work and haven't looked back since. I would probably never have discovered him if it wasn't for the movie, me being from a country where people aren't that into Western music.",{'err': 'An error occurred processing this request. Please check your inputs and try again.'}
138,1f70wh,10276,1369743227,Music,A way to merge playlists on different music services?,"I use Rdio, Grooveshark, Last.fm and Soundcloud all for different purposes and have playlists on all of them. Is there a way to merge them as in if I add a favorite on one, I can view it on another? Thank you",{'err': 'An error occurred processing this request. Please check your inputs and try again.'}
139,1f72e3,10276,1369745232,rdio,A way to view lyrics in webplayer?,Title says it all really. I'm looking for a script/extension that'll allow me to view lyrics as I listen to music. Thank you,{'err': 'An error occurred processing this request. Please check your inputs and try again.'}
141,1fafl7,10276,1369858002,explainlikeimfive,ELI5:Microsoft Office 365,"I'm having a hard time wrapping my around this thing. What is office 365 and how is it, if at all, better than traditional install-able Microsoft Office?",{'err': 'An error occurred processing this request. Please check your inputs and try again.'}
147,1gum8o,10276,1371897135,windowsphone,Messaging hub not displaying online facebook contacts,So messaging hub on my WP no longer displays facebook contacts that are online even though status is set to 'available'. It used to work just fine before. Anyone knows what might be up? Is there a setting on facebook web that might be causing this?,{'output': '\n'}
156,1ksvkq,10276,1377090417,windowsphone,How to flash a firmware on a windows phone?,"So I've got an HTC radar running WP7.8 that's stuck in a reboot loop. It gets to a white screen and then restarts again and again never going any further. Doesn't even get to any logos. I've hard resetted it a couple times but that was of no use. I can't get it repaired because it is out of warranty. So I figured flashing the firmware on it might help. Thing is I have never flashed a firmware on a phone and have no idea how it's done. So if you guys could guide me or tell me about any other solution that could fix the phone, I'd really appreciate it.","{'output': ""Thing is I have never flashed a firmware on a phone and have no idea how it's done.\n""}"
158,1l3bwd,10276,1377483886,tipofmypenis,Need help downloading this video,"_URL_  I am typing this from a place where porn sites and proxies are blocked. However, I can download stuff from file sharing sites all right if someone would be kind of enough to upload the video to one. I've spent the last night trying to figure out a way to download it but to no avail. So If you could help me out here, i would really appreciate it.",{'output': '\n'}
160,1mu2li,10276,1379767423,FantasyPL,Best forward 9.5m can buy?,"So I already have 1.9m in the bank and I'm thinking of selling _PERSON_ and replacing him with a striker who is in a better form and more importantly is guaranteed to start. Currently my options seem to be Sturridge, Negredo, Djouro, Benteke, Cisse and so on. Who among these should I pick? Do you have someone else in mind? Should I stick with _PERSON_ and upgrade my midfield/defense? (Don't wanna do the last one as my front line is pretty weak, i've got Soldado, _PERSON_ and _PERSON_)",{'output': 'Should I stick with _PERSON_ and upgrade my midfield/defense?\n'}
167,1tlvpa,10276,1387895654,Android,Is Moto G a good buy for a long time windows phone user?,"I've used windows phone as my daily driver almost ever since it came out and I've been mostly satisfied with it. I'm now looking to give android a shot to see if things have improved since the gingerbread days and also because Moto G promises excellent value for money. However, I'm put off by my past experiences with android. I'm someone who can't stand lag at all and wants buttery smooth, consistently reliable experience. Despite all the limitations of windows phone, I loved it because there was not one time when I wanted to do something on it and it let me down. Does Moto G offer as reliable an experience on the software front? and also if i do decide to go with it, do in need to worry about performance deteriorating over time (as was the case with android a couple years ago)? Thanks","{'output': ""However, I'm put off by my past experiences with android.\n""}"
170,1usyk5,10276,1389284480,windowsphone,Just bought an HTC 8X. Please suggest good WP8 only apps/games and also share WP8 specific tips &amp; tricks,"So far I think the phone is all right. Screen, design, camera etc. are good. I hate the placement and shape of lock button. Really hard to press. And I cant get it to connect to my campus wifi network. Thats a huge bummer. Since, 8X doesn't have a card slot, I have to now rely on data connection to download apps or do anything online. Anyway, I was hoping you guys could suggest WP8 only apps and games and also share some new things you have discovered since the WP7.5 era. I have used WP extensively in the past and am aware of most tips and tracks and also quality apps that were available for WP7. But I'm unaware of any that are WP8 specific, so I would really appreciate if you guys could help me out.","{'output': 'Anyway, I was hoping you guys could suggest WP8 only apps and games and also share some new things you have discovered since the WP7.5 era.\nI have used WP extensively in the past and am aware of most tips and tracks and also quality apps that were available for WP7.\n'}"
171,1uyzw6,10276,1389463988,windowsphone,How to set Camera360 as default camera app?,"As far as I know, this option (or something similar) was added in GDR2. I'm running GDR3 on my HTC 8X and yet I can't set Camera360 as the default camera app in settings. I can see the setting but camera360 doesn't appear as an option there. Default camera app is the only option that shows up. Is this a problem with this app in particular or you can't change default camera app setting at all? If it's former, can you guys recommend a decent alternative that can be set as default?","{'output': ""I'm running GDR3 on my HTC 8X and yet I can't set Camera360 as the default camera app in settings.\n""}"
172,1v7533,10276,1389716106,self,Being with her makes me realize how shitty my own life is....,"She has friends. Good friends who care about her. And I go for days without receiving as much as a text from anyone. She knows how to socialize, how to interact with people, how to talk. And I can't even make eye contact  with anyone. She is into normal things that an average human being enjoys doing. And I havent done anything normal in years. She has a family she loves and who loves her back. And I go for weeks without talking to anyone in my family. She has a life. I don't. Why does it have to be like this?","{'output': 'She knows how to socialize, how to interact with people, how to talk.\nShe has a family she loves and who loves her back.\n'}"
173,1vlb15,10276,1390137868,windowsphone,Questions regarding bluetooth transfer...,"Yesterday I transferred a video to my 8X via bluetooth. After the transfer had completed, I watched the video on my phone and thinking it was automatically saved on my phone, forgot about it. But now I can't find it anywhere on my phone. Where did it go? Isn't it supposed to be in the video gallery? Do i have to save each file on my phone after transferring over bluetooth? If yes, how do I do that?","{'output': 'After the transfer had completed, I watched the video on my phone and thinking it was automatically saved on my phone, forgot about it.\n'}"
175,223av6,10276,1396519087,windowsphone,App list sorting in WP 8.1?,"App list sorting was one of the features rumored to be coming with 8.1 but I'm yet to see any mention of it in official documents and as far as i can recall, it wasn't mentioned in the keynote either (understandable considering its a minor feature). Can any one confirm if its there or not?",{'err': 'An error occurred processing this request. Please check your inputs and try again.'}
177,230ozm,10276,1397496155,windowsphone,Did anyone manage to get Cortana working on an HTC 8X?,"I've tried literally everything I could (Changing region, language, speech language, keyboard, even time) and I still can't get it to work. This is infuriating. Is it even possible to use cortana on the 8X?",{'err': 'An error occurred processing this request. Please check your inputs and try again.'}
179,23o2ep,10276,1398161808,windowsphone,Can't download PDFs through IE11 on WP8.1!!,This is what I get everytime I try. _URL_,{'err': 'An error occurred processing this request. Please check your inputs and try again.'}
181,24u2sp,10276,1399346847,windowsphone,Detailed notifications in Action Center?,"Action center would become a lot more useful if MS just allowed apps to display detailed notifications. That way we won't have to open the app every time to get a detailed status. One scenario where this could be useful is sports apps like sofascore. I currently have toasts enabled for it so that it sends me goal alerts and so on. However, since Action Center doesn't display full notifications, I have to open the app every time to find out who scored the goal and so on. A weird limitation.  Also, why is it not possible to clear individual notifications from Action center? What if I just want to clear one and keep the rest for an app as a sort of reminder for later? A better implementation imo would've been 'swipe the app title to the right to remove all notifications, swipe a notification to the right to remove just that one'. When I first used the Action Center, I was expecting it to be like this. It was disappointing to find out that is not the case.","{'output': ""Action center would become a lot more useful if MS just allowed apps to display detailed notifications.\nHowever, since Action Center doesn't display full notifications, I have to open the app every time to find out who scored the goal and so on.\n""}"
183,25x8nb,10276,1400481338,windowsphone,Can IE11 not play music in the background?,"I sometimes use grooveshark for listening to music and since there's not a single half decent grooveshark app in the store, I have to use IE. But ever since I upgraded to 8.1, I've noticed that once I start playing music in IE, I cannot switch to another app. If I do so, the music stops playing. Is this an issue with grooveshark's mobile site or a limitation in IE11? Does anyone know of a workaround?  P.S. I checked and I have allowed IE to run in the background.","{'output': ""But ever since I upgraded to 8.1, I've noticed that once I start playing music in IE, I cannot switch to another app.\n""}"
185,2muouh,10276,1416462624,windowsphone,Text threads disappeared after turning on backup,Last time i backed up my texts it was several months ago. I turned backup off because it was causing hotmail sync issues. Last night i decided to backup my texts because i was abt to reset my 8X. But this morning i noticed that half of my texts were gone. Disappeared. I dont have a single text from past couple of months. How do i get them back?,{'output': 'Last night i decided to backup my texts because i was abt to reset my 8X.\n'}
186,2n04mb,10276,1416592607,MCFC,Discuss: How would a switch to 5-2-1-2 pan out for us?,"I was toying with various formations available in FIFA and decided to play a couple of matches with City with 5-2-1-2. I used Vinny, _PERSON_ and _PERSON_ as CBs with _PERSON_ left wing back and _PERSON_ right. _PERSON_ and _PERSON_ in the centre of midfield, _PERSON_ as CAM and Aguero, Jovetic upfront. It worked out pretty great for me. And that got me thinking what if City switched to something similar. Obviously just a hypothetical scenario i was hoping would ignite some discussion. I dont really see it happening anytime in near future. We dont have one decent CB pairing, where would a third CB come from. Still do you guys think such a formation could improve our defense without compromising our attacking threat too much?","{'output': 'We dont have one decent CB pairing, where would a third CB come from.\n'}"
195,19ppkr,-29175,1362501718,gaming,Late to the game: just ordered Assassin's Creed off Amazon. Let's see what you got Reddit.,"I only ever played the first one that came out for the PSP, and the mechanics of it were such garbage, it turned me off to the series. Now I'm seeing promotion for IV, and it looks intense. So I've decided to buck up and order the 1st one. Got Spring Break coming next week. Let's go Reddit, without spoiling the story for me, get me excited to play this game.","{'output': 'I only ever played the first one that came out for the PSP, and the mechanics of it were such garbage, it turned me off to the series.\n'}"
200,3a4mdo,-29175,1434516351,LetsPlayVideos,"Inspired by duo Let's Play-ers of YouTube, my best friend and I recently started our own gaming channel. It's a work in progress, but it's our passion. Ladies and gentlemen of Reddit, I give you ""Couch Arcade""!",Channel: _URL_,{'err': 'An error occurred processing this request. Please check your inputs and try again.'}
208,3h9f7y,-29175,1439774017,gaming,"Took me 20 years, but I finally did it...","Tonight, after many, many tries, and much frustration, I finally beat _PERSON_ on the NES. Honestly, it was one of the most gratifying feelings ever, watching the Joker get knocked out and fall from the top of the tower. I watched my brother beat it when I was younger, and never could do it. I picked it up again recently and was determined to finally finish it, regardless of how long it took. I have practiced and practiced and practiced, learning strategy and boss patterns, and it resulted in a 3 hour stint blasting through the game, culminating in the final showdown. It's amazing how games that are over 20 years old and so simple in their mechanics can give you more satisfaction upon completion than most games of the modern age. Anyways, just wanted to share my success (and my happiness) with you all. Thanks :)","{'output': 'Tonight, after many, many tries, and much frustration, I finally beat _PERSON_ on the NES.\n'}"
209,e5db6,-44823,1289604263,Minecraft,I wrote an app to help record Minecraft for Youtube.,"I recorded a video of my cactus farm last night for Reddit and only after it was fully uploaded did I realize it wouldn't generate a 720p video. I use fraps at 1900x1200 but half the resolution for recording as 1080p would be huge and take a ton of I/O. The only solution is to run the window at 720p or change my resolution. I wrote an app to help with the former. It's written in VB 6.0 (.. I know.. I know) and it's pretty dirty. It gives a full list of windows, lets you pick one and adjust exactly the dimensions of it then re-size it. I couldn't find anything like this out there already so I was wondering if there would be interest? If I post it I'll include the source code and clean it up a bit.Any budding Minecraft video makers see this as useful?**Edit:** So I've switched over to using Perl. It's much more transportable as I can compile it without requiring runtime files.  Hell the code was even easier to write. :P_URL_ (source)",{'output': 'I use fraps at 1900x1200 but half the resolution for recording as 1080p would be huge and take a ton of I/O.\nThe only solution is to run the window at 720p or change my resolution.\n'}
212,e61cg,-44823,1289765816,Minecraft,TIL: What happens when you re-ignite an extinguished portal from inside the nether....,I go over this in the video but as it turns out re-ignited portals don't necessarily reconnect.... and the code that picks where to put the main world portal after igniting one in the nether might need a bit more work.I have no idea what I'm going to do with this new portal...._URL_ So I broke the over-the-water portal to try and fix the connection between my intended base portal and nether portal. It worked.. for awhile. Then this happened..._URL_,"{'output': ""and the code that picks where to put the main world portal after igniting one in the nether might need a bit more work.I have no idea what I'm going to do with this new portal...._URL_ So I broke the over-the-water portal to try and fix the connection between my intended base portal and nether portal.\n""}"
213,eil99,-44823,1291851705,DoesAnybodyElse,DAE get distracted when tv shows / movies have actors hang up on a phone conversation without saying goodbye?,"I imagine most shows / movies do this to save on film time and avoid unnecessary dialogue but it really distracts me when they just hang up.* Person 1: ""Do you have the lab results yet?""* Person 2: ""Yes, it was asphyxiation.""* Person 1: *click* ""It was murder, lets get him!""* Person 2: ""... wtf? are you still there?"" &lt;-- what's going on in my head.",{'err': 'An error occurred processing this request. Please check your inputs and try again.'}
214,eqbu2,-44823,1293089461,DoesAnybodyElse,DAE Collect $1 coins and pretend they're doubloons?,I've been collecting them since they first came out. They lose their luster pretty quickly but these new ones I got today are perfect!_URL_,{'err': 'An error occurred processing this request. Please check your inputs and try again.'}
215,f2i9q,-44823,1295045512,AskReddit,Why did FedEx drive my package to within 1/2 mile of my house just to fly it to TN and back here again??,_URL_ makes absolutely no sense to me at all. I know they're based out of TN but come on..,{'err': 'An error occurred processing this request. Please check your inputs and try again.'}
216,f8x15,-44823,1295987897,techsupport,One of the strangest computer repairs I've done.,"So here's the setup. Last Saturday my computer wouldn't boot up. Self-built Core 2 Duo E8500 stock clock and a Gigabyte Motherboard in a CM HAF 932. Power button didn't do anything. Tried all the standard non-invasive things to troubleshoot and nothing.I unplugged everything and took it to the kitchen table . Tried shorting the power switch pins manually in case it was a bad power button and that didn't work either. Went and bought a new power supply and replaced the power connectors to the motherboard with the new supply. Still nothing. Guess it's something more serious. Time for an upgrade! :DWent and got a new ASUS P8P67, i5 2500k, and 8 gigs of DDR3. Put it all together in my case, hit the power and it started up. Ahh, bad motherboard and/or cpu I guess? Anyhow I plugged everything in, closed it up and installed it under my desk. It was, however, not an happily ever after story.On the first bootup I got a message about USB overload and was told that the system would shut down in 15 seconds. I started unplugging usb devices one at a time to pinpoint which one was acting up. Finally it was just the keyboard and still with the message. Unplugged it and... still USB overload....Then I had a flashback to Saturday. I accidentally stepped on my iphone data cable and heard something snap. I saw a bit of black plastic on the carpet but figured I had snapped it off the bottom of the case. Nope, that was from one of the front USB connectors. I took a loser look and part of it had collapsed which was obviously shorting out the usb port. Once I unplugged the cable connecting that header to the MB, everything was fine.I've been working on computer for 25+ years and this is definitely in the top 3 of strange and hard to diagnose issues. Now I've got my old motherboard here sitting at work so I can test it out. Hopefully it's fine so I can sell it. (E8500 -&gt; i5 2500k is quite a nice jump, not returning anything). [](/solved)","{'output': ""Tried shorting the power switch pins manually in case it was a bad power button and that didn't work either.\nIt was, however, not an happily ever after story.On the first bootup I got a message about USB overload and was told that the system would shut down in 15 seconds.\nI started unplugging usb devices one at a time to pinpoint which one was acting up.\nstill USB overload....Then I had a flashback to Saturday.\nOnce I unplugged the cable connecting that header to the MB, everything was fine.I've been working on computer for 25+ years and this is definitely in the top 3 of strange and hard to diagnose issues.\n""}"
217,fcqan,-44823,1296519271,bayarea,Best place in the bay area to get an italian sausage sandwich.,"Last year in Petaluma I had the best italian sausage sandwich I've ever experienced at a place called The New Yorker Pizza &amp; Restaurant. Awesome italian sausge, piled high with peppers, onions, mushrooms and marinara. I'm no longer dating the girl who's family lives there so I've got no excuse to head up that way again.  There's got to be somewhere a bit closer to the south bay that can sate my desire for delicious heartburn! Any suggestions?","{'output': ""I'm no longer dating the girl who's family lives there so I've got no excuse to head up that way again.\n""}"
218,fh3wq,-44823,1297115021,computebazaar,[For Sale] E8500 CPU / MB / 8GB memory / 275GTX Video Card,* Intel Core 2 Duo E8500 @ 3.16ghz. Easily overclocks to 4ghz -- $100* Gigabyte GA-EP45-UD3LR motherboard. Supports 1600FSB. 4 DDR2 slots. Single PCIEX16 slot. -- $50* 8GB of total memory. 2x OCZ PC2-6400 2gb sticks. 2x Corsair PC2-8500 2gb sticks. -- $100* Cooler Master Hyper 212 CPU cooler. -- $15 * BFG Nvidia 275 GTX PCI-E video card. ~~$100,{'output': '* Intel Core 2 Duo E8500 @ 3.16ghz.\n4 DDR2 slots.\n'}
219,gnri2,-44823,1302563802,AskReddit,What is this song? It's driving me crazy!,"The song If You Leave by OMD has a part in it that sounds like a _PERSON_ _PERSON_ song. I can't remember what it is. Please, oh smart people of reddit, help me find the song!_URL_#t=3m3sThat's where the part is that sounds like another song.",{'output': '\n'}
221,mgb08,-44823,1321575011,49ers,First 49er game for me this Sunday! Tips?,My awesome GF got us some great tickets. I've been a fan since I was old enough to understand football (mid 80s) but this will be my first time actually going to a game. We're going to get there early and thinking of gettin' into some tailgating activities. Any tips from the vets of Candlestick? When should we get there? What's parking like? Any advice would be great.,"{'output': ""I've been a fan since I was old enough to understand football (mid 80s) but this will be my first time actually going to a game.\n""}"
222,n0y49,-44823,1323077023,buildapc,[Build Help] Have a Proliant ML110 G7 with i3. Upgrade to i5?,"So I'm enjoying this little server so far, it's a whole lot of bang for the buck but I was thinking a i5 2500 would be a nice little upgrade down the road. Anyone have experience upgrading a system like this?",{'output': '\n'}
224,ohvio,-44823,1326623504,help,"When loading more comments, sort order disappears? Am I doing something wrong? Any tricks?","I was trying to read a gameday thread in [/r/nfl](/r/nfl) in order from first comment to last. After the first page, the new loaded posts were in order of ""best"" instead of ""old"".",{'output': '\n'}
227,pdst7,-44823,1328570243,singing,[Critique] Long Black Veil,"First, the song/video.  _URL_  I'm 36 and have only just started focusing on my singing. I did a few lessons with a vocal coach but didn't get very far. I might try that again.",{'err': 'An error occurred processing this request. Please check your inputs and try again.'}
228,qayf8,-44823,1330495139,techsupport,[SOLUTION] ASUS N61JQ upgrade. Memory and Wireless,I recently purchased an Intel 6230 minipci card and 2 4gb dimms for my laptop and thought I'd make a video showing how to install them on this laptop. Doubled the ram and doubled the wifi speed (300mbit from 150mbit)  Thought you all might get some use out of it. Enjoy :D_URL_,{'output': '\n'}
235,tlx53,-44823,1336965914,PortalMaps,I'm putting Portal 2 maps play throughs on youtube.,"Not sure if this is the right place for it but I love the challenging maps coming out and have started uploading me playing through these maps. I've uploaded the 12 angry tests series so far and I'm uploading Mevious's latest creation Stasis right now. I'm going to go through some submissions already up here but if you have a really challenging map that you'd like me to record a run on, let me know.",{'output': '\n'}
237,zh0l8,-44823,1346969335,techsupport,Any router hardware that accepts USB tethering?,"I'm looking for a router that'll let me use the USB tethering of my Droid Bionic. Not for bonding purposes but perhaps destination specific and/or for redundancy purposes. At the very least I'd like to be able to toggle whether to use the ethernet wan port or usb.  Any suggestions on hardware to do this? I've read that OpenWRT has potential but in my brief experience, it's not user friendly to even do simple things.","{'output': ""I'm looking for a router that'll let me use the USB tethering of my Droid Bionic.\n""}"
238,10gl9k,-44823,1348595325,tipofmytongue,[TOMT][Song] Somewhat recent alternative? song.,"For some reason in my head it feels like the chorus starts with ""Just sliiiiiiide"" but google disagrees with me.    If it's any help, there's a youtube video out there somewhere of a cat trying and failing to leap to another building out a window where this song is used hilariously.",{'err': 'An error occurred processing this request. Please check your inputs and try again.'}
240,13ivzb,-44823,1353440717,bugs,"Load more comments reverting to ordering by ""Best"" instead of current viewing order.","I wanted to read a 6000+ comment thread in order of when comments were posted but after hitting the first page, the next page was automatically loading the ""Best"" posts instead of what was posted next. I see no way of changing this behavior. Is this intended?",{'err': 'An error occurred processing this request. Please check your inputs and try again.'}
242,1rc7wj,-44823,1385279282,tipofmytongue,[TOMT] [music video] Somewhat recent song. Top 40 about a breakup.,This is all that comes to mind. It's a guy who just broke up or was broken up with a girl. It starts with him in the bathroom getting ready to go out with his friends. Then he's in a bar. Later he's walking along a bridge at night and I am pretty sure he jumps/falls in but comes back up and/or is saved. I cannot remember a single thing about the lyrics other than I think he thinks he can call and fix it all.Please help! This is bugging me!Edit: Just 7 months later. It was The Script - Nothing.,"{'output': ""Later he's walking along a bridge at night and I am pretty sure he jumps/falls in but comes back up and/or is saved.\n""}"
243,1rweed,-44823,1385971430,49ers,_PERSON_ in the defense today?,I was just rewatching the game and saw _PERSON_ playing early in the 4th quarter. Was there an injury or something? I thought _PERSON_ had the nickle cb spot? I like _PERSON_ and hope he's getting a chance to do more than ST.,{'output': '\n'}
245,25z0au,-44823,1400532787,mythtv,I made a script for MythTV + HDHomerun to remove unsubscribed channels.,"It's a simple perl script. A quick and dirty hackjob but it's really made my mythtv experience a lot more enjoyable so I thought I'd share. The HDHomerun tuner has the ability to detect which channels are available and what you're subscribed to. This script will use this functionality to turn off the visibility of channels you don't have access to.Steps to use:  0) Back up your database or be prepared to re-enable all channels.  1) Visit your HDHomerun device on your network via this url:  _URL_  2) Click ""Detect Channels""  3) Once it's finished, download and modify this script:_URL_  Be sure to update your database information as well as the ip address for your hdhomerun device in the $url variable.  4) Have you backed up your database? It couldn't hurt!  5) Run this script. The output will tell you which channels it's making invisible as it runs.  6) If you're using XBMC, make sure to go to Settings -&gt; Live TV -&gt; General -&gt; Reset PVR Database. Also make sure Always use the channel order from the backend and Use backend channel numbers are checked.","{'output': 'This script will use this functionality to turn off the visibility of channels you don\'t have access to.Steps to use:  0) Back up your database or be prepared to re-enable all channels.\n1) Visit your HDHomerun device on your network via this url:  _URL_  2) Click ""Detect Channels""  3) Once it\'s finished, download and modify this script:_URL_  Be sure to update your database information as well as the ip address for your hdhomerun device in the $url variable.\n'}"
246,2kp37q,-44823,1414605513,Fireteams,[PS4] Looking for one more for nightfall,pan: wavern,{'err': 'An error occurred processing this request. Please check your inputs and try again.'}
247,2ksp7l,-44823,1414688357,Fireteams,[PS4] Looking for some help with nightfall,my friend and I need some help finishing this weeks nightfall.  psn:Wavern,{'err': 'An error occurred processing this request. Please check your inputs and try again.'}
248,2lvqne,-44823,1415644215,Fireteams,[PS4} 28 Warlock &amp; Hunter LF4M for Atheon Normal. Have checkpoint,psn: WavernOnly tried this for the first time yesterday so definitely green.,{'err': 'An error occurred processing this request. Please check your inputs and try again.'}
249,2m1ho7,-44823,1415765486,Fireteams,[PS4] 28 warlock LFG for NM VoG,psn: wavern,{'err': 'An error occurred processing this request. Please check your inputs and try again.'}
250,2mqovg,-44823,1416371694,Fireteams,[PS4] 29 _PERSON_ / 29 Hunter LFG for VoG NM. Have Atheon CP,psn: Wavernpsn: Aooga75Missed out on killing Atheon due to circumstances beyond our control. Both experienced.,{'err': 'An error occurred processing this request. Please check your inputs and try again.'}
251,2npdb0,-44823,1417213066,Fireteams,[PS4] 28 warlock looking for Nightfall.,psn: Wavern,{'err': 'An error occurred processing this request. Please check your inputs and try again.'}
252,2o00xg,-44823,1417484114,Fireteams,[PS4] 29 Warlock LFG VoG HM,psn: WavernFamiliar with fights,{'err': 'An error occurred processing this request. Please check your inputs and try again.'}
253,2o2h8k,-44823,1417545421,Fireteams,[PS4] 29 _PERSON_ and 29 Hunter LF VoG,psn: WavernMaxed weapons. Knowledge of fights. Want NM or HM,{'err': 'An error occurred processing this request. Please check your inputs and try again.'}
254,2o5teu,-44823,1417621400,Fireteams,[PS4] 29 _PERSON_ and 29 _PERSON_ looking for VoG,My friend and I are hoping to bang out a quick VoG this morning. Both knowledgeable about the fighs.PSN: Wavern,{'err': 'An error occurred processing this request. Please check your inputs and try again.'}
255,2o7do1,-44823,1417649699,Fireteams,[PS4] 29 Warlock LFG for VoG NM Fresh,psn: Wavern,{'err': 'An error occurred processing this request. Please check your inputs and try again.'}
256,2o7fus,-44823,1417650904,Fireteams,[PS4] LF2M VoG NM Fresh,PSN: Wavern,{'err': 'An error occurred processing this request. Please check your inputs and try again.'}
257,2omas1,-44823,1418015465,Fireteams,[PS4] LFG HM VoG 29 _PERSON_,Maxed weaponsPSN: Wavern,{'err': 'An error occurred processing this request. Please check your inputs and try again.'}
258,2ovkl3,-44823,1418229705,Fireteams,[PS4] 29 Warlock LFG for Nightfall / Weekly,PSN: Wavern,{'err': 'An error occurred processing this request. Please check your inputs and try again.'}
259,2ow5i6,-44823,1418239853,Fireteams,[PS4] 30 Warlock LFG VOG,psn: Wavern,{'err': 'An error occurred processing this request. Please check your inputs and try again.'}
260,2pr38z,-44823,1418959237,Fireteams,[PS4] VoG LF3M HM,pan: wavernPls have mic!,{'err': 'An error occurred processing this request. Please check your inputs and try again.'}
261,2qbom8,-44823,1419466719,Fireteams,[PS4] 31 Warlock lfm nightfall,Psn wavern,{'err': 'An error occurred processing this request. Please check your inputs and try again.'}
262,2qidse,-44823,1419659027,Fireteams,[PS4] 31 Warlock LFG for Weekly Heroic and/or Nightfall. Trying to get 25 strike bounty done,psn: Wavern,{'err': 'An error occurred processing this request. Please check your inputs and try again.'}
263,2r1e6a,-44823,1420148537,Fireteams,[PS4] lf2m for weekly heroic,Psn wavern,{'err': 'An error occurred processing this request. Please check your inputs and try again.'}
264,2rji4r,-44823,1420571311,Fireteams,[PS4] LF4m Vog HM Fresh,psn: Wavern,{'err': 'An error occurred processing this request. Please check your inputs and try again.'}
265,2rn62m,-44823,1420650037,Fireteams,[PS4] VoG HM LF4M,psn: Wavern,{'err': 'An error occurred processing this request. Please check your inputs and try again.'}
266,2saw0m,-44823,1421171586,Fireteams,[PS4] VoG HM LF2M,Psn wavern,{'err': 'An error occurred processing this request. Please check your inputs and try again.'}
267,2t9gs1,-44823,1421906467,Fireteams,[PS4] CE NM LF1M at Crota. Prefer sword expert! :D,psn _PERSON_,{'err': 'An error occurred processing this request. Please check your inputs and try again.'}
268,2tonxv,-44823,1422242845,Fireteams,[PS4] CE HM Fresh LF4M - 32 Preferred,psn: Wavern,{'err': 'An error occurred processing this request. Please check your inputs and try again.'}
269,2txbbv,-44823,1422417141,Fireteams,[PS4] CE HM Fresh LF4M - 32 only please,psn: Wavern,{'err': 'An error occurred processing this request. Please check your inputs and try again.'}
270,2u7yea,-44823,1422641824,Fireteams,[PS4] Crota HM @ Crota LF1M,Please post class / level / sword abilities / psn,{'err': 'An error occurred processing this request. Please check your inputs and try again.'}
271,2ua30c,-44823,1422682260,Fireteams,[PS4] Crota NM Fresh LF3M,psn: Wavern,{'err': 'An error occurred processing this request. Please check your inputs and try again.'}
272,2v3sa3,-44823,1423329237,Fireteams,[PS4] Vault of Glass Normal Newbie run! 3 spots,This is a fresh run of Vault of Glass that will be very friendly to new players. We'll be going over the strats for every fight. You'll need a mic and to be at least level 27.Leave your info here and I'll invite on psn.,{'output': '\n'}
273,2w9u8e,-44823,1424230323,Fireteams,[PS4] Crota NM Fresh LF4M,Please leave your psn and class / level. No horn required! :D,{'err': 'An error occurred processing this request. Please check your inputs and try again.'}
274,2wl6nn,-44823,1424466498,Fireteams,[PS4] Crota NM @ Crota Lf1M,leave psn / level / class please,{'err': 'An error occurred processing this request. Please check your inputs and try again.'}
275,2wmp6g,-44823,1424496461,Fireteams,[PS4] Crota HM Fresh LF1M - Swordbearer please! :D,psn _PERSON_,{'err': 'An error occurred processing this request. Please check your inputs and try again.'}
276,2x2lgp,-44823,1424834887,Fireteams,[PS4] VoG HM Fresh LF3M,Please be low stress and high fun. Leave your psn / level in comments,{'err': 'An error occurred processing this request. Please check your inputs and try again.'}
278,2xt458,-44823,1425405218,Fireteams,[PS4] Crota NM @ Bridge Lf1M,Class / Level / PSN please,{'err': 'An error occurred processing this request. Please check your inputs and try again.'}
279,2ye8jb,-44823,1425864319,Fireteams,[PS4] VoG HM LF3M,please leave level / class / psn name,{'err': 'An error occurred processing this request. Please check your inputs and try again.'}
280,2ykle3,-44823,1426004730,Fireteams,[PS4] Crota NM Fresh LF3M,please post class / level / psn. Last one in brings punch and pie.,{'err': 'An error occurred processing this request. Please check your inputs and try again.'}
281,2yn29p,-44823,1426044588,Fireteams,[PS4] VoG HM Fresh LF3M,Previous advert was premature!Please include class / level / psn / favorite type of cookie,{'err': 'An error occurred processing this request. Please check your inputs and try again.'}
282,30gis5,-44823,1427430105,Fireteams,[PS4] VoG HM LF3M,Add altairjones01 to get an invite to the raid :D,{'err': 'An error occurred processing this request. Please check your inputs and try again.'}
